Country,Year,Population,Beef(kg/capita),Poultry(kg/capita),Sheep(kg/capita),Maize(1000 tonnes),Rice(1000 tonnes),soy (1000 tonnes),Wheat(1000 tonnes)
Argentina,1990,32.6,55.6,8.7,2.3,7685.0,291.0,11500.0,11037.0
Argentina,1991,33.0,51.8,8.9,2.3,10701.0,236.6,11310.0,9999.0
Argentina,1992,33.5,51.0,10.0,1.9,10901.0,498.4,11045.0,9996.0
Argentina,1993,33.9,51.7,15.4,1.9,10360.0,413.4,11720.0,9737.0
Argentina,1994,34.4,48.6,18.4,2.4,11404.0,413.2,12133.0,11406.0
Argentina,1995,34.8,43.7,18.7,2.2,10518.0,629.7,12450.0,9542.0
Argentina,1996,35.2,44.2,19.6,1.8,15537.0,670.5,11000.0,16107.0
Argentina,1997,35.6,44.9,19.0,1.6,19361.0,819.4,18732.0,15087.0
Argentina,1998,36.0,41.6,19.8,1.4,13504.0,687.5,20000.0,12601.0
Argentina,1999,36.4,45.8,23.0,1.3,16781.0,1127.4,20200.0,15300.0
Argentina,2000,36.8,45.3,22.9,1.4,15359.0,614.7,26880.0,15960.0
Argentina,2001,37.2,44.0,22.0,1.4,14712.0,584.1,30000.0,15292.0
Argentina,2002,37.5,40.5,15.4,1.4,15045.0,484.8,34706.0,12301.0
Argentina,2003,37.9,41.9,16.1,1.3,14951.0,488.2,31576.0,14563.0
Argentina,2004,38.3,43.7,18.9,1.3,20483.0,720.8,38300.0,15925.0
Argentina,2005,38.7,42.8,21.1,1.2,14446.0,650.1,40537.0,12593.0
Argentina,2006,39.1,44.1,24.3,1.2,21755.0,811.6,47482.0,14548.0
Argentina,2007,39.5,47.4,25.7,1.2,22017.0,734.5,46238.0,16354.0
Argentina,2008,39.9,47.3,28.0,1.1,13121.0,853.4,40000.0,8376.0
Argentina,2009,40.4,47.0,29.7,1.0,22677.0,910.5,54247.0,9023.0
Argentina,2010,40.8,39.6,31.5,1.0,23800.0,845.4,48878.0,15875.0
Argentina,2011,41.3,38.4,35.0,1.1,21197.0,1188.7,49000.0,14500.0
Argentina,2012,41.7,40.5,36.9,1.2,32100.0,1066.2,49353.0,8024.0
Argentina,2013,42.2,44.1,35.7,1.2,33000.0,1063.2,53397.7,9188.0
Argentina,2014,42.7,41.0,36.7,1.2,33800.0,1074.4,61398.3,13930.0
Argentina,2015,43.1,41.1,39.3,1.1,39800.0,1060.8,58799.3,11314.0
Argentina,2016,43.6,39.0,38.9,1.0,49500.0,952.0,54971.6,18395.0
Argentina,2017,44.0,39.6,38.3,1.0,43460.0,904.4,37783.8,18518.0
Argentina,2018,44.5,38.9,38.5,1.0,57000.0,930.2,55263.0,19459.0
Australia,1990,17.1,0.0,22.1,19.0,193.7,740.0,62.0,15066.1
Australia,1991,17.3,27.9,22.4,19.4,268.9,957.0,62.6,10557.4
Australia,1992,17.5,26.4,22.4,18.0,198.8,858.0,48.9,14738.7
Australia,1993,17.6,26.4,23.8,17.5,204.1,1042.0,81.3,16479.3
Australia,1994,17.8,25.7,24.5,18.5,242.4,1016.0,27.2,8961.3
Australia,1995,18.0,25.5,24.2,15.1,311.1,966.0,44.6,16503.9
Australia,1996,18.2,27.5,24.6,14.8,397.7,1255.0,74.4,22924.3
Australia,1997,18.4,29.0,25.8,15.1,271.8,1324.0,54.0,19226.6
Australia,1998,18.6,26.8,27.6,15.5,338.2,1362.0,107.2,21464.8
Australia,1999,18.8,28.1,28.0,15.2,406.0,1084.0,104.0,24757.4
Australia,2000,19.0,26.5,29.7,16.4,344.9,1643.0,48.6,22108.1
Australia,2001,19.3,24.6,29.2,15.0,453.9,1192.0,63.1,24299.3
Australia,2002,19.5,25.3,32.5,13.8,310.0,438.0,9.2,10131.9
Australia,2003,19.7,26.0,31.4,12.2,395.0,553.0,59.8,26131.9
Australia,2004,19.9,28.7,32.8,12.0,419.7,339.0,44.7,21905.1
Australia,2005,20.2,27.2,34.1,12.0,362.0,1003.0,50.1,25150.4
Australia,2006,20.5,27.0,35.2,12.4,239.9,163.0,25.5,10821.6
Australia,2007,20.8,24.2,34.8,12.6,387.0,17.6,34.7,13569.4
Australia,2008,21.2,23.3,33.3,11.0,375.7,60.9,80.1,21420.2
Australia,2009,21.7,23.5,33.6,10.3,328.0,196.7,59.6,21834.0
Australia,2010,22.0,25.3,37.6,9.0,356.9,723.3,29.8,27410.1
Australia,2011,22.3,23.3,39.5,8.0,450.5,918.7,52.3,29905.0
Australia,2012,22.7,22.4,40.3,8.7,505.9,1161.1,69.5,22855.0
Australia,2013,23.1,23.7,40.2,8.7,389.5,819.3,31.6,25302.7
Australia,2014,23.5,22.6,40.8,8.1,494.6,690.4,37.4,23742.6
Australia,2015,23.8,20.5,42.0,9.3,400.0,273.7,39.5,22274.5
Australia,2016,24.2,19.5,44.5,8.5,436.2,807.3,31.0,31818.7
Australia,2017,24.6,21.3,43.3,7.8,387.2,635.1,51.2,20941.1
Australia,2018,25.0,20.0,42.4,7.0,392.0,60.9,42.0,17297.5
Brazil,1990,148.9,20.9,12.5,0.7,24096.1,5338.6,19418.6,3077.8
Brazil,1991,151.5,20.7,13.8,0.7,30771.2,6698.0,23042.1,2739.2
Brazil,1992,154.0,20.5,14.7,0.7,29207.7,6769.0,25059.2,2051.8
Brazil,1993,156.5,20.8,15.2,0.7,33173.7,6635.0,25934.1,2137.8
Brazil,1994,158.9,23.3,16.6,0.7,37441.9,7050.4,23189.7,1524.3
Brazil,1995,161.3,25.9,20.2,0.7,32404.7,7529.5,23166.9,3197.5
Brazil,1996,163.8,26.5,19.1,0.6,35715.6,6724.8,26392.6,2406.9
Brazil,1997,166.2,24.7,20.6,0.6,30187.8,6381.1,31369.9,2187.7
Brazil,1998,168.6,23.5,22.5,0.6,32393.4,5670.2,30765.0,2402.8
Brazil,1999,171.0,25.0,24.8,0.6,31640.5,7875.8,32344.6,1658.4
Brazil,2000,173.8,25.2,26.1,0.6,42289.7,7767.7,38431.8,3194.2
Brazil,2001,176.2,25.0,25.1,0.5,35266.8,7062.5,41916.9,2913.9
Brazil,2002,178.5,25.7,27.1,0.5,47410.9,7225.7,52017.5,6073.5
Brazil,2003,180.7,29.7,28.6,0.5,42128.5,7049.6,49792.7,5845.9
Brazil,2004,182.9,27.7,30.2,0.5,35006.7,8813.1,52304.6,4873.1
Brazil,2005,185.0,29.7,24.4,0.5,42514.9,9081.5,55027.1,2233.7
Brazil,2006,187.1,32.1,26.3,0.5,51369.9,7970.8,58391.8,4097.1
Brazil,2007,189.0,30.8,27.6,0.5,58652.3,7694.8,60017.7,5884.0
Brazil,2008,191.0,27.0,31.5,0.5,51003.8,8210.3,57165.5,5026.2
Brazil,2009,193.0,25.7,30.2,0.5,56018.1,8569.7,68688.2,5881.6
Brazil,2010,194.9,26.3,39.0,0.5,57406.9,7929.4,75324.3,5788.6
Brazil,2011,196.6,25.9,40.5,0.5,72979.5,9256.9,66383.0,4379.5
Brazil,2012,198.3,26.2,39.8,0.5,81505.7,7887.7,81499.4,5527.9
Brazil,2013,200.0,27.8,39.3,0.5,80051.7,8037.4,86120.8,5971.1
Brazil,2014,201.7,26.0,39.7,0.5,84672.4,8242.7,96228.0,5534.9
Brazil,2015,203.5,25.0,41.0,0.6,66530.6,8465.0,95434.6,6726.8
Brazil,2016,205.2,25.4,40.3,0.5,97842.8,7210.0,114075.3,4262.1
Brazil,2017,206.8,25.4,40.9,0.5,80709.5,8382.9,119281.7,5427.6
Brazil,2018,208.5,25.3,40.1,0.5,91652.3,8203.5,115030.1,5149.3
Canada,1990,27.7,25.0,24.4,0.7,7066.6,0.0,1262.1,32098.3
Canada,1991,28.0,24.5,24.4,0.8,7412.5,0.0,1459.9,31945.6
Canada,1992,28.4,23.8,24.4,0.7,4882.6,0.0,1453.3,29877.2
Canada,1993,28.7,22.8,25.0,0.8,6755.2,0.0,1944.9,27225.9
Canada,1994,29.0,23.2,26.6,0.7,7189.9,0.0,2253.7,22919.5
Canada,1995,29.3,23.3,26.3,0.7,7280.9,0.0,2297.5,24989.4
Canada,1996,29.6,23.0,26.1,0.7,7541.7,0.0,2169.5,29801.4
Canada,1997,29.9,23.1,26.6,0.7,7179.8,0.0,2737.7,24299.4
Canada,1998,30.2,23.4,27.2,0.7,8952.4,0.0,2736.6,24082.3
Canada,1999,30.4,23.8,28.4,0.8,9161.3,0.0,2780.9,26959.9
Canada,2000,30.7,23.4,29.7,0.8,6953.7,0.0,2703.0,26535.5
Canada,2001,31.0,22.5,30.9,0.9,8389.2,0.0,1635.2,20630.2
Canada,2002,31.4,22.4,31.2,0.9,8998.8,0.0,2335.7,15961.3
Canada,2003,31.6,23.7,31.3,1.0,9587.3,0.0,2273.3,23048.6
Canada,2004,31.9,22.7,31.6,1.0,8836.8,0.0,3043.9,24795.5
Canada,2005,32.2,22.0,31.7,1.0,9332.2,0.0,3155.6,25748.1
Canada,2006,32.6,21.7,31.9,1.1,8989.8,0.0,3465.5,25265.4
Canada,2007,32.9,22.1,32.0,1.1,11648.7,0.0,2695.7,20090.4
Canada,2008,33.2,21.5,32.1,1.0,10642.8,0.0,3335.9,28619.2
Canada,2009,33.6,20.4,31.7,1.0,9796.2,0.0,3581.6,26949.9
Canada,2010,34.0,20.3,31.3,1.0,12043.3,0.0,4444.6,23299.6
Canada,2011,34.3,19.8,30.3,0.9,11358.7,0.0,4466.5,25288.0
Canada,2012,34.7,20.0,30.1,0.8,13060.1,0.0,5086.4,27246.0
Canada,2013,35.1,19.8,30.4,0.9,14190.7,0.0,5355.9,37589.1
Canada,2014,35.4,19.2,31.2,0.9,11606.4,0.0,6044.8,29442.1
Canada,2015,35.7,17.6,32.6,0.9,13679.5,0.0,6456.3,27647.4
Canada,2016,36.1,18.3,33.2,0.9,13889.0,0.0,6596.5,32139.9
Canada,2017,36.5,18.3,33.4,1.0,14095.5,0.0,7716.6,30377.3
Canada,2018,37.1,18.4,34.8,1.0,13884.8,0.0,7416.6,32201.1
Chile,1990,13.3,13.0,7.8,0.8,836.0,91.5,0.0,1718.0
Chile,1991,13.5,12.6,8.6,0.9,911.0,78.7,0.0,1589.0
Chile,1992,13.7,12.1,12.9,1.0,899.0,89.8,0.0,1557.0
Chile,1993,13.9,13.6,15.2,0.9,937.0,88.2,0.0,1324.0
Chile,1994,14.2,14.6,16.7,0.8,942.0,89.5,0.0,1271.0
Chile,1995,14.4,15.8,19.2,0.7,932.0,98.2,0.0,1384.0
Chile,1996,14.6,16.4,20.1,0.7,881.0,103.0,0.0,1227.0
Chile,1997,14.8,17.5,19.9,0.7,943.0,72.3,0.0,1677.0
Chile,1998,15.0,16.4,21.4,0.8,624.0,70.2,0.0,1197.0
Chile,1999,15.2,15.4,21.7,0.8,652.0,41.0,0.0,1493.0
Chile,2000,15.3,15.7,23.4,0.7,778.0,90.9,0.0,1780.0
Chile,2001,15.5,14.1,24.8,0.6,924.0,96.4,0.0,1820.0
Chile,2002,15.7,14.7,23.5,0.6,1190.0,95.5,0.0,1797.0
Chile,2003,15.8,15.9,23.6,0.5,1321.0,94.8,0.0,1922.0
Chile,2004,16.0,16.4,25.9,0.5,1508.0,80.3,0.0,1922.0
Chile,2005,16.2,17.4,25.7,0.5,1382.0,78.6,0.0,1852.0
Chile,2006,16.4,15.1,29.4,0.6,1123.0,107.9,0.0,1404.0
Chile,2007,16.5,16.2,30.4,0.6,1365.0,74.2,0.0,1238.0
Chile,2008,16.7,15.1,28.6,0.7,1346.0,81.7,0.0,1145.0
Chile,2009,16.9,15.2,27.5,0.6,1358.0,85.7,0.0,1524.0
Chile,2010,17.1,15.4,29.0,0.5,1438.0,63.7,0.0,1576.0
Chile,2011,17.2,14.2,31.5,0.5,1493.0,87.8,0.0,1213.0
Chile,2012,17.4,14.7,31.7,0.5,1519.0,100.8,0.0,1474.7
Chile,2013,17.6,17.2,32.3,0.4,1186.0,87.7,0.0,1358.1
Chile,2014,17.8,17.6,32.0,0.5,1539.0,90.8,0.0,1482.0
Chile,2015,18.0,17.4,33.9,0.5,1174.0,110.1,0.0,1731.9
Chile,2016,18.2,18.9,35.9,0.4,1062.5,117.1,0.0,1349.0
Chile,2017,18.5,17.5,36.0,0.4,1110.6,86.1,0.0,1469.0
Chile,2018,18.7,18.7,36.4,0.4,973.2,129.8,0.0,1399.9
China,1990,1172.4,0.6,0.0,0.0,96818.9,127231.1,0.0,98228.9
China,1991,1189.2,0.8,2.9,0.9,98773.0,123522.3,9710.0,95950.0
China,1992,1204.0,1.0,3.3,0.9,95383.0,125698.5,10300.0,101587.0
China,1993,1217.1,1.3,4.1,1.0,102704.0,120837.4,15307.0,106390.0
China,1994,1229.0,1.5,4.7,1.1,99277.0,119986.3,16000.0,99297.0
China,1995,1239.9,2.0,5.9,1.2,111986.0,126882.6,13500.0,102207.0
China,1996,1250.0,1.9,5.9,1.3,127471.0,133646.2,13220.0,110569.0
China,1997,1259.1,2.4,6.7,1.5,104309.0,137503.5,14728.0,123289.0
China,1998,1267.4,2.6,7.4,1.6,132954.0,136117.7,15152.0,109726.0
China,1999,1275.4,2.7,7.7,1.7,128086.0,135964.3,14251.0,113880.0
China,2000,1283.2,2.7,8.4,1.8,103209.7,128717.0,15410.0,99636.0
China,2001,1290.9,2.7,8.1,1.8,114090.0,121643.0,15407.0,93876.0
China,2002,1298.6,2.8,8.1,1.9,121310.0,119559.9,16507.0,90290.0
China,2003,1306.3,2.9,8.4,2.1,115830.0,110048.7,15394.0,86488.0
China,2004,1314.0,2.9,8.3,2.2,130290.0,122676.0,17404.0,91952.0
China,2005,1321.6,2.9,8.9,2.3,139372.0,123703.0,16350.0,97445.0
China,2006,1329.2,3.0,9.1,2.4,151603.0,124477.1,15967.0,108466.0
China,2007,1336.8,3.1,9.8,2.5,155123.0,127671.0,12725.0,109525.0
China,2008,1344.4,3.1,10.4,2.5,172120.0,131939.4,15545.0,112932.0
China,2009,1352.1,3.2,10.6,2.5,173259.0,134394.8,15225.0,115834.0
China,2010,1359.8,3.2,10.8,2.6,190752.0,135099.6,15410.0,116141.0
China,2011,1367.5,3.1,10.9,2.6,211316.0,138974.5,14880.0,118625.0
China,2012,1375.2,3.1,11.6,2.6,229559.0,141474.6,13435.0,122540.0
China,2013,1382.8,3.2,11.5,2.7,248453.0,141305.7,12405.0,123710.0
China,2014,1390.1,3.2,11.0,2.9,249764.0,143582.2,12685.0,128821.0
China,2015,1397.0,3.3,11.4,2.9,264992.0,145317.2,12365.0,132639.0
China,2016,1403.5,3.4,11.9,3.0,263613.0,144599.6,13595.0,133271.0
China,2017,1409.5,3.5,11.8,3.0,259071.0,145683.0,15280.0,134334.0
China,2018,1415.0,3.6,12.3,3.1,257174.0,145309.0,15967.1,131432.0
Colombia,1990,34.1,15.0,7.7,0.3,1213.0,1380.0,0.0,105.0
Colombia,1991,34.8,13.6,9.8,0.3,1274.0,1008.6,96.0,94.0
Colombia,1992,35.5,11.6,10.3,0.3,1056.0,1017.0,113.2,75.0
Colombia,1993,36.2,11.6,11.1,0.3,1130.0,1068.6,109.4,96.0
Colombia,1994,36.9,12.3,12.2,0.3,1161.0,1050.0,95.0,105.0
Colombia,1995,37.5,13.1,13.4,0.3,1020.0,1185.9,58.1,74.0
Colombia,1996,38.1,13.5,11.3,0.3,967.0,1131.5,90.3,65.0
Colombia,1997,38.6,13.9,10.5,0.3,978.0,1244.4,72.0,50.0
Colombia,1998,39.2,13.7,11.9,0.3,755.0,1567.3,72.0,39.0
Colombia,1999,39.7,12.6,11.5,0.3,960.0,1485.9,39.0,40.0
Colombia,2000,40.3,13.0,11.7,0.3,1204.0,1584.7,38.0,37.0
Colombia,2001,40.8,11.9,13.6,0.3,1192.0,1510.8,56.0,32.0
Colombia,2002,41.3,11.4,14.5,0.3,1132.0,1654.4,54.0,36.4
Colombia,2003,41.8,10.6,14.8,0.3,1513.9,1633.9,63.0,41.4
Colombia,2004,42.4,11.5,15.0,0.2,1623.2,1708.9,64.0,43.0
Colombia,2005,42.9,12.7,16.2,0.2,1588.3,1500.4,64.0,50.0
Colombia,2006,43.4,12.9,17.8,0.2,1531.1,1336.5,65.0,39.7
Colombia,2007,43.9,12.2,19.1,0.2,1733.2,1439.7,65.0,48.0
Colombia,2008,44.5,11.9,20.6,0.2,1726.5,1643.4,65.0,57.1
Colombia,2009,45.0,10.9,20.6,0.2,1560.3,1686.3,65.0,34.2
Colombia,2010,45.5,11.7,21.4,0.2,1421.8,1352.0,65.0,22.7
Colombia,2011,46.0,12.3,21.4,0.2,1719.7,1366.2,80.0,21.1
Colombia,2012,46.6,12.6,22.0,0.1,1872.8,1322.9,70.0,21.9
Colombia,2013,47.1,12.1,24.7,0.1,1779.0,1390.1,70.0,17.2
Colombia,2014,47.7,12.2,26.1,0.1,1803.0,1260.4,70.4,16.6
Colombia,2015,48.2,12.3,27.1,0.2,1471.0,1423.3,70.0,8.9
Colombia,2016,48.7,11.3,28.3,0.1,1295.1,1798.8,70.0,23.1
Colombia,2017,49.3,10.5,29.5,0.1,1296.2,1848.6,70.0,7.0
Colombia,2018,49.8,10.6,30.7,0.1,1250.0,1785.5,70.0,4.4
Egypt,1990,56.1,4.9,4.2,1.3,4799.0,2185.5,0.0,4268.0
Egypt,1991,57.4,5.6,4.6,1.1,5122.0,2379.1,58.9,4483.0
Egypt,1992,58.7,5.4,4.7,1.1,5069.0,2697.3,50.5,4618.0
Egypt,1993,59.9,6.1,4.7,1.2,5039.0,2869.7,67.2,4833.0
Egypt,1994,61.1,6.2,5.0,1.2,5112.0,3161.6,63.4,4437.0
Egypt,1995,62.3,6.0,5.6,1.3,4535.0,3304.4,39.7,5722.0
Egypt,1996,63.6,6.2,5.7,1.2,5165.0,3380.3,34.6,5735.0
Egypt,1997,64.9,6.7,7.2,1.2,5806.0,3781.2,25.0,5849.0
Egypt,1998,66.2,6.8,7.0,1.3,6337.0,3087.1,30.0,6093.0
Egypt,1999,67.5,7.0,7.6,1.0,6143.0,4013.7,30.0,6347.0
Egypt,2000,68.8,7.7,7.5,1.6,6474.0,4140.0,30.0,6564.0
Egypt,2001,70.2,6.4,7.7,1.6,6842.0,3606.9,15.0,6255.0
Egypt,2002,71.5,7.9,9.0,1.7,6357.0,4140.7,18.0,6625.0
Egypt,2003,72.8,7.3,8.2,1.7,6530.0,4261.6,29.0,6845.0
Egypt,2004,74.2,7.5,7.6,1.6,6236.0,4383.2,43.0,7178.0
Egypt,2005,75.5,8.3,7.6,1.6,7698.0,4226.5,26.0,8141.0
Egypt,2006,76.9,9.1,8.2,1.6,6374.0,4661.0,23.0,8274.0
Egypt,2007,78.2,9.3,9.1,1.7,6243.0,4745.1,26.0,7379.0
Egypt,2008,79.6,8.4,8.2,1.6,7401.0,5005.3,29.0,7977.0
Egypt,2009,81.1,8.5,8.9,1.6,7686.0,3808.8,26.0,8523.0
Egypt,2010,82.8,9.3,9.2,1.4,7041.0,2987.0,43.0,7177.0
Egypt,2011,84.5,8.7,9.6,1.3,6876.0,3915.8,30.0,8407.0
Egypt,2012,86.4,9.3,10.0,1.3,8094.0,4079.3,26.0,8795.0
Egypt,2013,88.4,9.0,11.4,1.3,7957.0,4209.0,33.0,9460.0
Egypt,2014,90.4,9.2,11.9,1.3,8060.0,4300.1,40.0,9280.0
Egypt,2015,92.4,9.1,11.6,1.2,7803.0,4071.0,30.0,9608.0
Egypt,2016,94.4,8.9,11.6,1.2,7818.0,4347.0,35.0,9342.0
Egypt,2017,96.4,8.2,12.2,1.1,7100.0,4402.2,35.0,8450.0
Egypt,2018,98.4,7.7,10.8,1.1,7300.0,3381.0,35.0,8550.0
Ethiopia,1990,47.9,0.0,0.0,0.0,0.0,0.0,0.0,0.0
Ethiopia,1991,49.6,0.0,0.0,0.0,0.0,0.0,20.0,0.0
Ethiopia,1992,51.4,0.0,0.0,0.0,60.0,0.0,21.0,0.0
Ethiopia,1993,53.3,3.0,0.6,1.0,1396.0,0.0,22.0,874.8
Ethiopia,1994,55.2,2.9,0.6,1.0,1990.0,0.0,21.0,1084.0
Ethiopia,1995,57.0,2.9,0.6,0.9,3164.0,0.0,22.0,1162.0
Ethiopia,1996,58.9,3.2,0.5,0.9,2463.0,0.0,23.0,1144.0
Ethiopia,1997,60.7,3.1,0.5,0.9,2987.0,0.0,23.0,1093.0
Ethiopia,1998,62.5,3.1,0.5,0.9,2344.0,0.0,24.0,1143.0
Ethiopia,1999,64.3,3.1,0.5,0.8,2832.0,6.5,25.0,1150.0
Ethiopia,2000,66.2,3.1,0.5,0.8,2683.0,6.5,25.0,1235.0
Ethiopia,2001,68.2,3.1,0.6,0.8,3298.0,10.0,25.0,1596.0
Ethiopia,2002,70.1,3.5,0.7,1.0,2826.0,9.1,25.0,1448.0
Ethiopia,2003,72.2,3.3,0.6,1.0,2744.0,8.4,25.0,1618.0
Ethiopia,2004,74.2,3.2,0.6,1.2,2906.0,7.8,25.0,1614.0
Ethiopia,2005,76.3,3.2,0.5,1.3,3912.0,7.8,25.0,2177.0
Ethiopia,2006,78.5,3.3,0.5,1.4,4030.0,7.3,25.0,2219.0
Ethiopia,2007,80.7,3.1,0.5,1.6,3337.0,46.3,25.0,2463.0
Ethiopia,2008,82.9,3.2,0.5,1.5,3776.0,46.4,25.0,2314.0
Ethiopia,2009,85.2,2.9,0.5,1.5,3897.0,67.0,7.0,3076.0
Ethiopia,2010,87.6,3.3,0.6,1.4,4986.0,58.8,16.0,2856.0
Ethiopia,2011,90.1,3.2,0.5,1.4,6069.0,57.6,36.0,2916.0
Ethiopia,2012,92.7,2.6,0.6,1.4,6158.0,78.6,64.0,3435.0
Ethiopia,2013,95.4,2.5,0.6,1.4,6492.0,60.1,61.0,3925.0
Ethiopia,2014,98.1,2.7,0.4,0.9,7235.0,85.7,72.0,4232.0
Ethiopia,2015,100.8,2.7,0.1,0.3,7882.0,82.4,85.0,4650.0
Ethiopia,2016,103.6,2.7,0.1,0.4,7847.0,100.8,82.0,4538.0
Ethiopia,2017,106.4,2.6,0.1,0.5,8396.0,104.0,115.0,4643.0
Ethiopia,2018,109.2,2.5,0.1,0.5,9493.0,111.8,120.0,4838.0
Indonesia,1990,870.1,1.2,2.5,0.4,6256.0,30721.7,0.0,0.0
Indonesia,1991,888.1,1.2,2.8,0.5,7995.0,30389.2,1555.4,0.0
Indonesia,1992,906.0,1.3,2.6,0.5,6460.0,32803.2,1869.7,0.0
Indonesia,1993,924.1,1.5,3.2,0.5,6869.0,32763.8,1708.5,0.0
Indonesia,1994,942.2,1.4,3.7,0.5,8246.0,30783.7,1564.8,0.0
Indonesia,1995,960.5,1.3,3.9,0.4,9307.0,32828.4,1680.0,0.0
Indonesia,1996,978.9,1.5,4.2,0.4,8771.0,33216.3,1517.2,0.0
Indonesia,1997,997.4,1.5,3.9,0.5,10169.0,31107.5,1357.0,0.0
Indonesia,1998,1016.0,1.4,2.6,0.4,9204.0,30996.0,1382.0,0.0
Indonesia,1999,1034.5,1.3,2.6,0.3,9676.9,32147.3,1383.0,0.0
Indonesia,2000,1053.1,1.4,3.5,0.3,9347.2,32800.2,1020.0,0.0
Indonesia,2001,1071.5,1.3,3.8,0.4,9654.1,31891.4,827.0,0.0
Indonesia,2002,1089.8,1.2,4.5,0.5,10886.4,32541.7,672.0,0.0
Indonesia,2003,1108.0,1.3,4.5,0.6,11225.2,32951.0,672.0,0.0
Indonesia,2004,1126.1,1.6,4.8,0.5,12523.9,34183.9,724.0,0.0
Indonesia,2005,1144.1,1.3,4.5,0.4,11609.5,34223.5,808.0,0.0
Indonesia,2006,1162.0,1.4,4.9,0.5,13287.5,34415.5,749.0,0.0
Indonesia,2007,1179.7,1.3,5.1,0.5,16323.9,36123.5,590.0,0.0
Indonesia,2008,1197.1,1.5,5.2,0.4,17629.7,38126.0,777.0,0.0
Indonesia,2009,1214.3,1.6,5.3,0.5,18327.6,40403.9,975.0,0.0
Indonesia,2010,1231.0,1.7,5.7,0.4,17643.2,41702.9,910.0,0.0
Indonesia,2011,1247.2,1.7,6.1,0.4,19387.0,41255.9,851.0,0.0
Indonesia,2012,1263.1,1.7,6.2,0.4,18511.9,43325.8,843.0,0.0
Indonesia,2013,1278.6,1.7,6.5,0.4,19008.4,44721.1,780.0,0.0
Indonesia,2014,1293.9,1.7,6.8,0.4,19612.4,44449.1,963.0,0.0
Indonesia,2015,1309.1,1.7,7.0,0.4,20369.6,45800.2,858.0,0.0
Indonesia,2016,1324.2,1.9,7.9,0.4,24320.0,45517.9,543.0,0.0
Indonesia,2017,1339.2,1.9,7.7,0.4,25695.0,46346.0,600.0,0.0
Indonesia,2018,1354.1,2.0,7.5,0.4,26300.0,46741.3,650.0,0.0
India,1990,181.4,1.6,0.4,0.6,8962.0,74291.3,0.0,49850.0
India,1991,184.6,1.6,0.5,0.6,8064.0,74679.8,2492.0,55135.0
India,1992,187.8,1.6,0.5,0.6,9992.0,72860.4,3390.0,55690.0
India,1993,190.9,1.6,0.6,0.6,9601.0,80300.3,4745.2,57210.0
India,1994,193.9,1.5,0.6,0.6,8884.0,81810.1,3931.0,59840.0
India,1995,197.0,1.5,0.6,0.6,9534.0,76980.3,4993.0,65767.0
India,1996,199.9,1.5,0.6,0.6,10769.0,81730.1,5209.0,62097.0
India,1997,202.8,1.4,0.6,0.6,10816.0,82540.1,5150.0,69350.0
India,1998,205.7,1.4,0.6,0.6,10677.0,86080.3,5300.0,66345.0
India,1999,208.6,1.4,0.7,0.6,11509.6,89679.8,5160.0,71288.0
India,2000,211.5,1.3,0.8,0.6,12043.2,84976.9,5010.0,76369.0
India,2001,214.5,1.3,0.8,0.6,13160.2,93340.0,5350.0,69681.0
India,2002,217.5,1.3,0.9,0.6,11151.7,71820.3,4300.0,72770.0
India,2003,220.5,1.2,1.0,0.5,14984.3,88529.8,6880.0,65760.0
India,2004,223.6,1.2,1.0,0.6,14180.0,83130.2,6880.0,72150.0
India,2005,226.7,1.1,1.1,0.6,14709.9,91789.9,8270.0,68640.0
India,2006,229.8,1.1,1.2,0.6,15097.0,93356.0,8850.0,69350.0
India,2007,233.0,1.1,1.3,0.6,18955.4,96690.2,10970.0,75806.7
India,2008,236.2,1.1,1.4,0.6,19731.4,99180.3,9910.0,78570.2
India,2009,239.3,1.1,1.5,0.5,16719.5,89089.8,9960.0,80679.4
India,2010,238.5,0.9,1.6,0.5,21725.8,95980.1,12740.0,80803.6
India,2011,242.0,0.8,1.8,0.5,21760.0,105299.9,12210.0,86874.0
India,2012,245.4,0.7,1.9,0.5,22260.0,105240.0,14670.0,94880.0
India,2013,248.8,0.5,2.0,0.5,24259.5,106645.6,11860.0,93510.0
India,2014,252.2,0.3,2.1,0.5,24170.0,105480.0,10374.0,95850.0
India,2015,255.5,0.4,2.2,0.5,22570.0,104405.4,8570.0,86530.0
India,2016,258.7,0.5,2.3,0.5,25900.0,109700.2,13159.0,92290.0
India,2017,261.9,0.4,2.3,0.5,28750.0,112760.3,10934.0,98510.0
India,2018,265.0,0.6,2.4,0.5,27230.0,116419.8,13500.0,99870.0
Iran,1990,56.4,4.3,6.2,5.5,130.0,1307.5,0.0,8012.0
Iran,1991,57.7,3.6,6.7,6.3,188.0,1484.9,69.0,8793.0
Iran,1992,58.8,3.4,8.6,6.2,200.0,1486.8,100.0,10179.0
Iran,1993,59.7,3.9,9.4,5.8,210.0,1437.0,130.0,10732.0
Iran,1994,60.6,3.7,9.4,5.6,512.0,1423.2,235.0,10870.0
Iran,1995,61.4,3.6,9.6,5.6,545.0,1449.0,79.0,11228.0
Iran,1996,62.3,4.4,9.7,5.9,637.0,1691.6,66.0,10015.0
Iran,1997,63.1,4.3,10.2,5.9,915.0,1480.5,142.0,10045.0
Iran,1998,64.0,4.3,10.3,6.0,941.0,1745.7,138.0,11955.0
Iran,1999,64.8,3.5,10.2,5.4,1156.0,1479.2,80.4,8673.0
Iran,2000,65.6,3.3,11.0,5.8,1120.0,1272.3,142.0,8088.0
Iran,2001,66.4,3.6,11.6,5.8,1064.0,1283.7,130.0,9459.0
Iran,2002,67.3,3.9,12.2,5.8,1430.0,1862.5,113.9,12450.0
Iran,2003,68.1,3.8,14.2,5.3,1650.0,1890.6,130.0,13440.0
Iran,2004,69.0,4.2,14.8,5.4,1926.0,1639.9,160.0,14548.0
Iran,2005,69.8,4.0,15.4,5.4,1995.0,1765.3,200.0,14308.0
Iran,2006,70.6,4.7,16.8,5.4,2166.1,1684.9,210.0,14663.7
Iran,2007,71.3,5.0,18.4,5.6,2361.3,1718.4,200.0,15886.6
Iran,2008,72.1,4.4,18.9,4.2,1561.0,1335.2,250.0,7000.0
Iran,2009,72.9,4.4,19.3,4.3,1335.0,1378.4,190.0,12093.0
Iran,2010,73.8,5.6,19.8,4.5,1657.0,1606.0,165.0,12143.0
Iran,2011,74.6,5.2,21.3,4.4,1907.0,1221.0,170.0,8678.0
Iran,2012,75.5,4.6,21.8,4.4,1798.0,1522.2,174.0,8816.0
Iran,2013,76.5,4.5,22.3,4.1,1852.0,1580.2,174.0,9304.2
Iran,2014,77.5,4.8,22.3,4.1,1658.9,1514.0,180.0,10578.7
Iran,2015,78.5,5.0,22.3,4.2,1168.6,1514.3,190.0,11522.3
Iran,2016,79.6,5.3,22.7,4.0,1170.6,1884.1,197.0,11097.6
Iran,2017,80.7,5.5,23.1,4.1,1223.1,1967.2,200.0,12500.0
Iran,2018,81.8,5.6,23.0,4.2,900.0,1947.9,210.0,13400.0
Israel,1990,4.4,10.0,34.3,1.2,96.0,0.0,0.0,291.0
Israel,1991,4.6,12.3,35.9,1.1,90.0,0.0,0.0,180.0
Israel,1992,4.8,10.1,38.3,1.1,79.0,0.0,0.0,254.0
Israel,1993,4.9,10.7,39.8,1.2,71.0,0.0,0.0,217.0
Israel,1994,5.1,13.9,42.2,1.2,66.0,0.0,0.0,103.0
Israel,1995,5.3,12.3,40.7,1.3,64.0,0.0,0.0,242.0
Israel,1996,5.4,13.6,40.8,1.2,7.0,0.0,0.0,185.0
Israel,1997,5.6,14.4,40.5,1.1,7.0,0.0,0.0,116.0
Israel,1998,5.7,13.7,40.2,1.2,8.0,0.0,0.0,155.0
Israel,1999,5.8,13.5,41.0,1.2,8.0,0.0,0.0,29.0
Israel,2000,5.9,16.5,58.9,1.3,8.0,0.0,0.0,96.0
Israel,2001,6.1,15.2,62.4,1.2,7.0,0.0,0.0,162.0
Israel,2002,6.2,17.8,63.0,1.1,6.0,0.0,0.0,179.0
Israel,2003,6.3,18.3,61.2,1.2,0.0,0.0,0.0,187.0
Israel,2004,6.4,9.0,62.4,1.2,20.0,0.0,0.0,128.0
Israel,2005,6.5,16.9,63.6,1.2,13.0,0.0,0.0,201.0
Israel,2006,6.7,22.0,66.1,1.4,78.0,0.0,0.0,131.2
Israel,2007,6.8,19.3,64.9,1.4,93.0,0.0,0.0,159.0
Israel,2008,7.0,23.4,63.4,1.5,99.0,0.0,0.0,76.0
Israel,2009,7.2,17.9,63.3,1.5,81.0,0.0,0.0,133.0
Israel,2010,7.3,18.9,62.6,1.6,86.0,0.0,0.0,112.0
Israel,2011,7.5,19.6,62.9,1.8,96.0,0.0,0.0,142.0
Israel,2012,7.6,18.2,63.4,1.8,85.0,0.0,0.0,222.0
Israel,2013,7.7,23.3,57.2,1.6,110.0,0.0,0.0,178.0
Israel,2014,7.9,18.7,61.9,1.8,163.6,0.0,0.0,140.0
Israel,2015,8.0,18.7,64.8,1.6,89.0,0.0,0.0,173.0
Israel,2016,8.1,20.3,68.4,1.4,80.0,0.0,0.0,168.0
Israel,2017,8.2,20.9,66.2,1.5,90.0,0.0,0.0,50.0
Israel,2018,8.4,22.9,64.8,1.5,94.0,0.0,0.0,70.0
Japan,1990,123.6,6.0,12.6,0.7,0.8,9512.1,220.0,952.0
Japan,1991,124.1,6.4,11.8,0.8,0.7,8701.2,197.0,759.0
Japan,1992,124.6,6.6,12.2,0.8,0.7,9579.1,188.0,759.0
Japan,1993,124.9,7.3,12.0,0.7,0.5,7097.6,101.0,638.0
Japan,1994,125.3,8.0,12.5,0.6,0.4,10854.8,99.0,565.0
Japan,1995,125.6,8.4,12.6,0.6,0.3,9737.7,119.0,444.0
Japan,1996,125.9,8.0,13.0,0.5,0.2,9371.7,148.0,478.0
Japan,1997,126.2,8.1,12.6,0.4,0.3,9082.6,145.0,573.0
Japan,1998,126.5,8.2,12.0,0.4,0.2,8117.8,158.0,570.0
Japan,1999,126.7,8.2,12.0,0.4,0.2,8312.6,187.2,583.0
Japan,2000,126.9,8.6,12.8,0.3,0.2,8597.9,235.0,688.0
Japan,2001,127.3,7.0,13.2,0.3,0.2,8205.6,271.4,700.0
Japan,2002,127.4,7.1,12.8,0.3,0.2,8053.4,270.2,829.0
Japan,2003,127.6,7.0,12.7,0.3,0.1,7059.6,232.2,856.0
Japan,2004,127.7,7.0,12.4,0.3,0.2,7909.4,163.2,860.0
Japan,2005,127.8,6.2,13.2,0.4,0.2,8221.0,225.0,875.0
Japan,2006,127.9,6.2,13.4,0.4,0.1,7751.7,229.2,837.0
Japan,2007,128.0,6.4,13.5,0.3,0.0,7894.9,226.7,910.0
Japan,2008,128.1,6.4,13.3,0.3,0.0,7993.6,261.7,881.0
Japan,2009,128.0,6.5,13.7,0.3,0.0,7677.4,229.9,674.2
Japan,2010,128.1,6.7,14.3,0.2,0.0,7749.9,222.5,571.0
Japan,2011,127.8,6.7,14.2,0.2,0.0,7760.8,218.8,746.3
Japan,2012,127.6,6.7,15.1,0.2,0.0,7875.0,235.9,858.0
Japan,2013,127.4,6.7,15.0,0.1,0.0,7898.5,199.9,812.0
Japan,2014,127.2,6.7,15.3,0.1,0.0,7817.0,231.8,852.0
Japan,2015,127.1,6.3,15.8,0.1,0.0,7636.7,243.1,1004.0
Japan,2016,126.9,6.9,16.3,0.1,0.0,7746.3,238.0,791.0
Japan,2017,126.7,7.0,16.9,0.2,0.0,7541.5,253.0,907.0
Japan,2018,126.4,7.4,17.4,0.2,0.0,7436.4,211.0,765.0
Kazakhstan,1990,16.4,0.0,0.0,0.0,0.0,40.0,0.0,0.0
Kazakhstan,1991,16.4,0.0,0.0,0.0,368.3,343.5,14.0,12889.0
Kazakhstan,1992,16.3,25.2,7.5,12.4,368.0,311.5,11.8,18285.0
Kazakhstan,1993,16.2,27.9,6.2,14.2,355.0,268.8,5.9,11585.0
Kazakhstan,1994,16.0,26.5,4.4,13.0,234.0,188.8,5.5,9052.0
Kazakhstan,1995,15.8,22.5,3.1,10.5,136.0,123.0,3.7,7500.0
Kazakhstan,1996,15.6,19.4,3.0,9.2,122.0,150.9,3.0,7678.0
Kazakhstan,1997,15.4,16.4,3.2,8.3,111.0,170.4,3.3,8955.0
Kazakhstan,1998,15.2,15.7,3.1,6.8,167.0,157.5,4.0,5500.0
Kazakhstan,1999,15.0,15.7,2.5,5.7,198.0,132.9,4.0,11242.0
Kazakhstan,2000,14.9,14.6,3.1,5.6,247.0,142.9,4.0,9091.0
Kazakhstan,2001,14.9,13.9,3.9,5.7,320.0,132.5,7.0,12700.0
Kazakhstan,2002,15.0,14.2,4.9,5.9,435.0,132.8,7.0,12674.0
Kazakhstan,2003,15.1,15.0,5.6,5.6,437.0,182.3,50.0,11537.0
Kazakhstan,2004,15.2,15.7,7.0,5.8,458.0,184.0,50.0,9937.0
Kazakhstan,2005,15.4,16.8,8.8,6.0,432.0,189.8,50.0,11198.3
Kazakhstan,2006,15.6,18.1,12.1,6.5,413.6,192.6,48.0,13460.5
Kazakhstan,2007,15.7,19.3,11.6,6.9,421.2,196.4,70.0,16466.9
Kazakhstan,2008,15.9,19.5,10.7,7.2,420.2,169.9,89.0,12538.2
Kazakhstan,2009,16.0,18.7,10.3,7.3,471.2,204.8,94.0,17052.0
Kazakhstan,2010,16.3,18.5,12.8,7.7,462.0,248.9,114.0,9638.4
Kazakhstan,2011,16.5,18.6,13.8,7.9,482.0,231.3,153.0,22732.1
Kazakhstan,2012,16.8,18.1,17.0,8.0,520.4,234.0,170.0,9841.1
Kazakhstan,2013,17.0,18.3,15.5,8.0,569.3,229.6,203.0,13940.8
Kazakhstan,2014,17.3,18.4,14.2,8.2,664.0,251.5,218.0,12996.9
Kazakhstan,2015,17.6,18.5,14.5,8.2,734.1,281.6,220.0,13747.6
Kazakhstan,2016,17.8,18.4,14.7,8.3,762.4,298.7,231.0,14985.4
Kazakhstan,2017,18.1,19.2,16.4,8.2,784.7,326.5,252.0,14802.9
Kazakhstan,2018,18.3,19.8,17.4,8.1,862.1,322.1,260.0,13946.9
South Korea,1990,42.9,0.0,5.6,0.2,119.9,5606.0,232.8,0.9
South Korea,1991,43.3,5.1,6.7,0.2,74.6,5384.4,183.2,0.6
South Korea,1992,43.7,5.7,7.5,0.3,92.2,5330.8,175.9,0.6
South Korea,1993,44.2,5.3,7.8,0.2,82.1,4749.6,170.2,1.5
South Korea,1994,44.6,5.6,7.8,0.3,88.6,5059.8,154.4,2.2
South Korea,1995,45.1,6.5,8.5,0.2,74.5,4695.0,159.6,10.3
South Korea,1996,45.5,6.7,9.1,0.2,72.2,5323.0,160.1,10.9
South Korea,1997,46.0,7.6,8.5,0.2,86.8,5449.6,156.5,7.4
South Korea,1998,46.3,6.8,7.5,0.2,80.2,5096.9,140.4,4.8
South Korea,1999,46.6,8.1,9.3,0.1,79.3,5262.7,116.1,5.6
South Korea,2000,47.0,8.4,9.6,0.1,64.2,5290.8,113.2,2.3
South Korea,2001,47.4,7.3,10.5,0.1,57.2,5514.8,117.7,2.8
South Korea,2002,47.6,8.3,10.9,0.1,73.2,4926.7,115.0,5.8
South Korea,2003,47.9,8.0,9.5,0.1,70.2,4451.1,105.1,10.0
South Korea,2004,48.1,6.5,8.4,0.1,77.6,5000.1,138.6,12.6
South Korea,2005,48.2,6.0,10.8,0.1,73.5,4768.4,183.3,7.7
South Korea,2006,48.4,6.6,11.6,0.1,64.6,4680.0,156.4,5.8
South Korea,2007,48.7,7.0,11.4,0.1,83.5,4407.7,114.2,7.4
South Korea,2008,49.1,7.2,11.4,0.1,92.8,4843.5,132.7,10.4
South Korea,2009,49.3,7.4,12.1,0.1,77.0,4916.1,139.3,18.8
South Korea,2010,49.6,8.0,13.3,0.1,74.3,4295.4,105.3,39.1
South Korea,2011,49.9,8.8,14.2,0.1,73.6,4224.0,129.4,43.7
South Korea,2012,50.2,8.9,14.2,0.1,83.2,4006.2,122.5,37.0
South Korea,2013,50.4,9.3,14.4,0.1,80.5,4230.0,154.1,19.1
South Korea,2014,50.7,9.9,16.1,0.2,82.0,4240.7,139.3,23.4
South Korea,2015,51.0,10.0,16.9,0.2,78.2,4326.9,103.5,26.4
South Korea,2016,51.2,10.0,17.3,0.2,73.7,4196.7,75.4,38.7
South Korea,2017,51.4,10.4,17.2,0.3,72.6,3972.5,85.6,37.4
South Korea,2018,51.6,10.8,18.0,0.3,74.7,3868.0,89.4,21.0
Mexico,1990,84.2,7.4,8.9,0.5,14635.0,200.0,575.0,3931.0
Mexico,1991,85.7,9.0,10.2,0.6,14251.5,190.0,725.0,4060.7
Mexico,1992,87.3,9.4,10.8,0.7,16929.3,200.0,593.5,3620.5
Mexico,1993,88.9,8.5,12.5,0.7,18125.3,189.5,497.6,3582.4
Mexico,1994,90.4,10.0,13.4,0.7,18235.8,246.6,522.6,4150.9
Mexico,1995,91.8,8.6,14.6,0.4,18352.9,242.2,189.8,3468.2
Mexico,1996,93.3,9.9,14.2,0.4,18026.0,260.1,56.1,3375.0
Mexico,1997,94.7,10.2,16.3,0.5,17656.3,309.8,184.5,3656.6
Mexico,1998,96.1,11.0,17.7,0.5,18454.7,302.4,150.3,3235.1
Mexico,1999,97.5,10.9,18.8,0.6,17706.4,231.8,132.8,3020.9
Mexico,2000,98.8,10.8,19.8,0.7,17556.9,249.5,102.4,3493.2
Mexico,2001,100.1,11.0,20.6,0.8,20134.3,226.6,121.8,3275.5
Mexico,2002,101.5,11.8,21.8,0.8,19297.8,227.2,86.5,3236.2
Mexico,2003,102.9,11.0,22.9,1.0,20701.4,273.3,126.0,2715.8
Mexico,2004,104.3,10.4,23.4,0.9,21685.8,278.5,133.3,2321.2
Mexico,2005,105.7,10.7,25.2,0.7,19338.7,291.1,187.0,3015.2
Mexico,2006,107.2,10.0,25.5,0.7,21893.2,337.2,81.1,3378.1
Mexico,2007,108.7,10.7,25.5,0.7,23512.8,294.7,88.4,3515.4
Mexico,2008,110.4,11.2,25.9,0.7,24410.3,224.4,153.0,4213.5
Mexico,2009,112.1,10.6,25.9,0.6,20142.8,263.0,120.9,4116.2
Mexico,2010,113.7,10.0,26.4,0.6,23301.9,216.7,167.7,3676.7
Mexico,2011,115.4,9.1,26.9,0.5,17635.4,173.5,205.2,3627.5
Mexico,2012,116.9,9.1,27.1,0.5,22069.3,178.8,247.5,3274.3
Mexico,2013,118.5,9.0,27.3,0.6,22664.0,179.8,239.2,3357.3
Mexico,2014,119.9,8.9,27.8,0.5,23273.3,232.2,387.4,3669.8
Mexico,2015,121.3,8.9,28.4,0.6,24694.0,236.0,341.1,3710.7
Mexico,2016,122.7,9.1,29.1,0.5,28250.8,254.0,509.1,3862.9
Mexico,2017,124.0,9.2,29.8,0.5,27762.5,265.6,432.9,3503.5
Mexico,2018,125.3,9.2,30.1,0.5,27169.4,283.8,324.0,2943.4
Malaysia,1990,18.0,2.6,18.8,0.4,35.0,1215.1,0.0,0.0
Malaysia,1991,18.5,2.9,22.4,0.4,35.0,1241.7,0.0,0.0
Malaysia,1992,19.0,2.9,25.7,0.4,36.0,1298.2,0.0,0.0
Malaysia,1993,19.5,3.0,28.9,0.4,38.0,1357.1,0.0,0.0
Malaysia,1994,20.0,3.2,30.0,0.4,40.0,1379.0,0.0,0.0
Malaysia,1995,20.5,3.5,30.3,0.5,43.0,1372.6,0.0,0.0
Malaysia,1996,21.0,3.8,29.9,0.6,45.0,1438.6,0.0,0.0
Malaysia,1997,21.6,3.7,29.5,0.5,48.0,1368.2,0.0,0.0
Malaysia,1998,22.1,3.3,29.2,0.5,50.0,1256.8,0.0,0.0
Malaysia,1999,22.7,3.5,29.4,0.6,57.0,1316.9,0.0,0.0
Malaysia,2000,23.2,4.2,28.1,0.5,65.0,1381.0,0.0,0.0
Malaysia,2001,23.7,2.5,28.9,0.6,67.0,1351.5,0.0,0.0
Malaysia,2002,24.2,4.4,30.9,0.6,70.0,1415.1,0.0,0.0
Malaysia,2003,24.7,4.4,31.0,0.5,72.0,1454.2,0.0,0.0
Malaysia,2004,25.2,5.2,32.6,0.5,72.0,1467.0,0.0,0.0
Malaysia,2005,25.7,5.1,33.5,0.6,75.0,1489.8,0.0,0.0
Malaysia,2006,26.2,4.8,35.0,0.6,32.1,1406.9,0.0,0.0
Malaysia,2007,26.7,4.7,36.4,0.6,32.1,1530.6,0.0,0.0
Malaysia,2008,27.2,4.3,37.3,0.6,33.0,1516.5,0.0,0.0
Malaysia,2009,27.7,4.6,37.6,0.7,36.4,1620.2,0.0,0.0
Malaysia,2010,28.2,4.6,40.1,0.8,47.6,1588.4,0.0,0.0
Malaysia,2011,28.7,4.8,40.7,0.6,59.8,1661.6,0.0,0.0
Malaysia,2012,29.1,4.9,41.9,0.8,83.6,1674.7,0.0,0.0
Malaysia,2013,29.5,5.3,43.6,0.9,86.5,1677.0,0.0,0.0
Malaysia,2014,29.9,5.4,46.3,1.0,59.2,1834.8,0.0,0.0
Malaysia,2015,30.3,5.8,47.3,1.1,62.5,1765.6,0.0,0.0
Malaysia,2016,30.7,5.4,50.2,1.1,64.9,1764.3,0.0,0.0
Malaysia,2017,31.1,5.2,48.5,1.2,72.6,1654.2,0.0,0.0
Malaysia,2018,31.5,5.3,48.8,1.1,84.2,1816.4,0.0,0.0
Nigeria,1990,95.2,1.5,1.6,1.5,5768.0,1500.0,0.0,50.0
Nigeria,1991,97.7,1.5,1.5,1.5,5810.0,1935.6,145.0,60.0
Nigeria,1992,100.2,1.5,1.4,1.5,5840.0,1956.0,154.0,40.0
Nigeria,1993,102.7,1.7,1.4,1.6,6290.0,1839.0,163.0,33.0
Nigeria,1994,105.3,1.8,1.4,1.7,6902.0,1456.2,178.0,35.0
Nigeria,1995,107.9,1.7,1.4,1.8,6931.0,1975.8,192.0,44.0
Nigeria,1996,110.7,1.8,1.4,1.9,5667.0,1873.2,322.0,47.0
Nigeria,1997,113.5,1.8,1.3,2.1,5254.0,1960.8,361.0,66.0
Nigeria,1998,116.3,1.8,1.3,2.2,5127.0,1965.0,410.0,98.0
Nigeria,1999,119.3,1.8,1.3,2.3,5476.0,1966.2,429.0,101.0
Nigeria,2000,122.3,1.6,1.2,2.4,4107.0,1978.8,436.0,73.0
Nigeria,2001,125.4,1.8,1.3,2.6,4596.0,1651.2,464.0,51.0
Nigeria,2002,128.6,1.9,1.3,2.5,4890.0,1756.8,494.0,54.0
Nigeria,2003,131.9,1.6,1.3,2.5,5203.0,1869.6,528.0,58.0
Nigeria,2004,135.3,1.7,1.4,2.5,5567.0,2000.4,565.0,62.0
Nigeria,2005,138.9,1.5,1.4,2.5,5957.0,2140.2,605.0,66.0
Nigeria,2006,142.5,1.3,1.4,2.5,7100.0,2425.2,617.0,71.0
Nigeria,2007,146.3,1.6,1.5,2.5,6712.0,1911.6,600.0,44.0
Nigeria,2008,150.3,1.5,1.5,2.5,7525.0,2507.4,720.0,53.0
Nigeria,2009,154.3,1.5,1.6,2.5,7358.0,2127.8,620.0,80.0
Nigeria,2010,158.5,1.4,1.4,2.5,7677.0,2683.5,620.0,108.0
Nigeria,2011,162.8,1.5,1.1,2.1,8878.0,2767.6,680.0,165.0
Nigeria,2012,167.2,1.2,1.2,1.8,8695.0,3259.8,650.0,100.0
Nigeria,2013,171.8,1.5,1.0,1.9,10379.8,3490.9,518.0,80.0
Nigeria,2014,176.4,1.5,1.0,1.9,10901.6,4014.0,679.0,70.0
Nigeria,2015,181.1,1.5,1.0,1.9,9540.2,4544.1,650.0,60.0
Nigeria,2016,186.0,1.4,1.0,1.8,9598.4,4687.3,760.0,60.0
Nigeria,2017,190.9,1.4,0.9,1.8,11083.0,4701.1,650.0,74.0
Nigeria,2018,195.9,1.3,0.9,1.8,11033.7,5339.6,700.0,74.0
New Zealand,1990,3.4,26.1,14.6,27.8,183.4,0.0,0.0,180.7
New Zealand,1991,3.4,24.0,14.9,29.8,163.8,0.0,0.0,191.0
New Zealand,1992,3.5,24.8,15.3,29.9,133.1,0.0,0.0,219.4
New Zealand,1993,3.6,24.2,16.8,21.5,142.8,0.0,0.0,241.9
New Zealand,1994,3.6,21.0,18.3,38.6,160.8,0.0,0.0,245.2
New Zealand,1995,3.7,28.2,22.3,30.0,209.7,0.0,0.0,277.0
New Zealand,1996,3.7,29.1,21.6,15.2,193.8,0.0,0.0,305.9
New Zealand,1997,3.8,25.3,20.9,26.2,176.1,0.0,0.0,302.3
New Zealand,1998,3.8,21.9,22.7,26.4,197.2,0.0,0.0,281.6
New Zealand,1999,3.8,23.1,23.2,22.7,181.3,0.0,0.0,325.2
New Zealand,2000,3.9,23.3,24.6,25.5,176.8,0.0,0.0,364.0
New Zealand,2001,3.9,21.7,26.5,27.1,148.8,0.0,0.0,301.5
New Zealand,2002,4.0,17.0,28.7,20.6,211.7,0.0,0.0,318.9
New Zealand,2003,4.0,23.2,31.1,24.3,234.2,0.0,0.0,255.9
New Zealand,2004,4.1,20.2,32.2,20.5,210.3,0.0,0.0,318.9
New Zealand,2005,4.1,15.7,33.8,20.2,215.6,0.0,0.0,261.8
New Zealand,2006,4.2,17.2,32.1,19.0,185.6,0.0,0.0,344.4
New Zealand,2007,4.2,20.1,30.5,17.3,205.6,0.0,0.0,343.4
New Zealand,2008,4.3,20.1,30.3,13.5,237.8,0.0,0.0,403.5
New Zealand,2009,4.3,17.8,28.3,6.4,188.8,0.0,0.0,444.9
New Zealand,2010,4.4,17.2,28.8,5.9,210.2,0.0,0.0,383.3
New Zealand,2011,4.4,16.5,29.5,5.6,211.2,0.0,0.0,488.6
New Zealand,2012,4.5,15.8,32.5,5.6,201.7,0.0,0.0,447.8
New Zealand,2013,4.5,15.9,32.3,6.1,202.0,0.0,0.0,467.3
New Zealand,2014,4.6,15.4,33.4,6.3,237.0,0.0,0.0,413.5
New Zealand,2015,4.6,13.9,33.7,5.9,226.0,0.0,0.0,399.1
New Zealand,2016,4.7,12.5,37.3,5.5,210.0,0.0,0.0,459.3
New Zealand,2017,4.7,12.1,38.6,5.3,175.6,0.0,0.0,405.2
New Zealand,2018,4.7,11.8,39.6,4.2,192.0,0.0,0.0,371.0
Pakistan,1990,107.6,4.3,1.3,4.0,1185.0,3262.3,0.0,14315.0
Pakistan,1991,110.8,4.4,1.2,4.1,1203.0,3245.0,1.3,14565.0
Pakistan,1992,113.9,4.5,1.3,4.3,1184.0,3116.2,2.4,15684.0
Pakistan,1993,117.1,4.6,2.0,4.5,1213.0,3995.3,5.3,16157.0
Pakistan,1994,120.4,4.7,2.2,4.7,1318.0,3447.0,7.2,15213.0
Pakistan,1995,123.8,4.8,2.2,4.9,1504.0,3966.0,2.7,17002.0
Pakistan,1996,127.3,4.0,2.5,3.0,1491.0,4304.8,7.3,16907.0
Pakistan,1997,131.1,4.5,2.7,3.0,1517.0,4332.8,9.0,16650.0
Pakistan,1998,134.8,4.5,1.9,3.0,1665.0,4673.7,9.0,18694.0
Pakistan,1999,138.6,4.5,2.0,3.0,1652.0,5155.9,9.0,17857.6
Pakistan,2000,142.3,4.5,2.1,2.9,1643.2,4802.4,9.0,21078.6
Pakistan,2001,146.0,4.5,2.1,3.0,1664.4,3881.9,9.0,19023.7
Pakistan,2002,149.6,4.5,2.2,3.0,1737.1,4478.9,9.0,18226.5
Pakistan,2003,153.1,4.5,2.2,3.0,1897.4,4847.8,9.0,19183.3
Pakistan,2004,156.7,4.5,2.2,3.0,2797.0,5024.5,9.0,19499.8
Pakistan,2005,160.3,4.6,2.2,3.0,3109.6,5547.4,9.0,21612.3
Pakistan,2006,164.0,5.8,2.9,2.2,3088.0,5438.1,9.0,21276.8
Pakistan,2007,167.8,5.9,3.1,2.2,3604.7,5558.8,9.0,23294.7
Pakistan,2008,171.6,5.9,3.3,2.2,3593.0,6954.1,9.0,20958.8
Pakistan,2009,175.5,5.9,3.5,2.2,3261.5,6882.8,9.0,24033.0
Pakistan,2010,179.4,6.0,3.8,2.2,3706.9,4822.4,9.0,23310.8
Pakistan,2011,183.3,6.1,4.0,2.2,4338.4,6159.7,9.0,25213.8
Pakistan,2012,187.3,6.1,4.2,2.2,4220.1,5536.1,4.0,23473.4
Pakistan,2013,191.3,6.2,4.5,2.2,4944.2,6798.1,4.0,24211.4
Pakistan,2014,195.3,6.2,4.8,2.2,4936.7,7003.0,10.0,25979.3
Pakistan,2015,199.4,6.3,5.1,2.2,5270.9,6801.0,4.0,25086.2
Pakistan,2016,203.6,6.4,5.5,2.1,6134.0,6849.0,2.0,25633.0
Pakistan,2017,207.9,6.5,5.8,2.1,5902.0,7450.4,2.0,26674.0
Pakistan,2018,212.2,6.5,6.2,2.1,6309.0,7202.3,2.0,25076.0
Peru,1990,22.1,4.0,10.0,1.4,660.0,661.7,0.0,88.0
Peru,1991,22.5,3.8,11.7,1.2,520.0,561.7,0.3,87.0
Peru,1992,23.0,3.5,12.5,1.1,772.0,572.0,1.0,94.0
Peru,1993,23.4,3.4,11.6,1.0,725.0,667.9,0.8,126.0
Peru,1994,23.9,3.2,11.9,1.0,715.0,967.0,1.4,127.0
Peru,1995,24.3,3.4,13.1,1.0,810.0,765.1,2.2,125.0
Peru,1996,24.8,3.4,14.1,1.0,826.0,806.0,7.3,146.0
Peru,1997,25.2,3.6,15.7,1.0,933.0,978.1,3.0,124.0
Peru,1998,25.7,3.6,16.5,1.0,1059.0,1037.8,3.0,146.0
Peru,1999,26.1,3.8,17.4,1.3,1241.0,1309.8,3.0,170.0
Peru,2000,26.5,3.6,17.7,1.3,1311.0,1288.8,3.0,188.0
Peru,2001,26.8,3.6,17.6,1.3,1291.0,1379.2,3.0,182.0
Peru,2002,27.1,3.7,18.7,1.2,1354.0,1438.3,3.0,187.0
Peru,2003,27.4,3.8,19.1,1.2,1200.0,1450.0,3.0,190.0
Peru,2004,27.6,3.8,18.9,1.3,1243.0,1254.5,3.0,170.0
Peru,2005,27.9,4.0,21.0,1.3,1269.0,1678.5,3.0,179.0
Peru,2006,28.1,4.2,22.6,1.3,1362.0,1607.2,3.0,191.0
Peru,2007,28.3,4.2,24.2,1.3,1481.0,1655.9,3.0,182.0
Peru,2008,28.6,4.1,27.2,1.2,1560.0,1899.9,3.0,207.0
Peru,2009,28.8,4.1,29.7,1.2,1541.0,2034.0,5.0,226.0
Peru,2010,29.0,4.2,31.2,1.2,1516.0,1925.3,5.0,219.0
Peru,2011,29.3,4.3,33.3,1.2,1674.0,1784.6,5.0,214.0
Peru,2012,29.5,4.4,36.0,1.2,1671.4,2069.5,5.0,226.0
Peru,2013,29.8,4.6,36.9,1.2,1530.0,2071.8,5.0,230.0
Peru,2014,30.1,4.6,38.2,1.2,1746.0,1969.7,5.0,218.9
Peru,2015,30.5,4.5,38.2,1.1,1510.0,2143.0,5.0,214.8
Peru,2016,30.9,4.4,40.3,1.1,1482.3,2152.7,5.0,191.0
Peru,2017,31.4,4.2,41.7,1.1,1565.8,2066.4,5.0,192.1
Peru,2018,32.0,4.2,44.5,1.1,1520.0,2385.3,5.0,194.5
Philippines,1990,61.9,1.6,3.4,0.4,4854.0,6463.5,0.0,0.0
Philippines,1991,63.5,1.5,4.0,0.3,4655.0,5972.3,3.2,0.0
Philippines,1992,65.0,1.6,4.2,0.4,4619.0,6221.5,3.7,0.0
Philippines,1993,66.6,1.7,4.8,0.4,4798.0,6489.0,4.3,0.0
Philippines,1994,68.2,1.9,4.9,0.4,4129.0,6786.6,4.3,0.0
Philippines,1995,69.8,2.1,5.3,0.4,4161.0,7316.7,3.5,0.0
Philippines,1996,71.4,2.3,5.9,0.4,4345.0,7319.4,2.0,0.0
Philippines,1997,73.0,2.7,6.2,0.4,4332.0,6536.9,1.0,0.0
Philippines,1998,74.7,2.6,6.1,0.4,3823.0,6723.5,2.0,0.0
Philippines,1999,76.3,3.2,6.3,0.4,4585.0,7819.9,2.0,0.0
Philippines,2000,78.0,3.4,6.5,0.4,4511.1,8184.8,2.0,0.0
Philippines,2001,79.7,3.1,6.9,0.4,4525.0,8540.6,2.0,0.0
Philippines,2002,81.4,3.3,7.2,0.4,4313.0,8488.3,2.0,0.0
Philippines,2003,83.1,3.2,7.2,0.4,4615.6,9259.3,1.0,0.0
Philippines,2004,84.7,3.4,7.3,0.4,5413.4,9477.1,1.0,0.0
Philippines,2005,86.3,3.1,7.2,0.4,5253.2,9881.3,1.0,0.0
Philippines,2006,87.9,3.0,7.2,0.5,6082.1,10146.8,1.0,0.0
Philippines,2007,89.4,3.4,8.1,0.5,6736.9,10878.0,1.0,0.0
Philippines,2008,90.9,3.3,8.6,0.5,6928.2,11163.8,1.0,0.0
Philippines,2009,92.4,3.1,8.7,0.5,7034.0,10144.2,1.0,0.0
Philippines,2010,94.0,3.2,9.3,0.5,6376.8,10940.1,1.0,0.0
Philippines,2011,95.6,3.0,9.8,0.5,6971.2,11116.7,1.0,0.0
Philippines,2012,97.2,2.9,10.5,0.5,7407.1,11862.3,1.0,0.0
Philippines,2013,98.9,2.9,10.8,0.5,7377.3,12309.6,1.0,0.0
Philippines,2014,100.5,3.1,11.5,0.5,7770.6,12367.8,1.0,0.0
Philippines,2015,102.1,3.0,12.2,0.5,7518.8,11427.5,1.0,0.0
Philippines,2016,103.7,3.1,12.5,0.5,7218.8,12131.4,1.0,0.0
Philippines,2017,105.2,3.2,12.8,0.5,7914.9,12700.9,1.0,0.0
Philippines,2018,106.7,3.2,13.2,0.5,7771.9,12178.5,1.0,0.0
Paraguay,1990,4.2,14.3,5.2,0.7,401.0,60.2,0.0,259.0
Paraguay,1991,4.3,28.4,3.8,0.7,450.0,59.5,1617.9,328.0
Paraguay,1992,4.4,31.8,4.0,0.6,439.0,69.3,1793.5,425.0
Paraguay,1993,4.6,29.7,4.3,0.6,462.0,63.0,1795.8,376.0
Paraguay,1994,4.7,29.1,5.8,0.6,816.0,66.5,2212.1,209.0
Paraguay,1995,4.8,30.0,6.2,0.6,654.0,63.9,2394.8,543.0
Paraguay,1996,4.9,28.5,6.2,0.6,1056.0,62.1,2771.0,400.0
Paraguay,1997,5.0,27.8,6.5,0.6,874.0,66.4,2856.0,229.0
Paraguay,1998,5.1,26.5,6.6,0.6,817.0,70.3,3053.0,180.0
Paraguay,1999,5.2,30.2,7.1,0.6,647.0,98.8,2980.0,188.0
Paraguay,2000,5.3,24.0,5.8,0.5,947.0,76.7,3511.0,220.0
Paraguay,2001,5.4,22.5,6.2,0.5,867.0,79.8,3300.0,532.0
Paraguay,2002,5.5,27.4,6.1,0.5,932.0,78.9,4205.0,537.0
Paraguay,2003,5.6,22.7,6.1,0.5,1120.0,81.9,4120.0,715.0
Paraguay,2004,5.7,13.3,6.6,0.6,830.0,95.8,4050.0,800.0
Paraguay,2005,5.8,8.6,6.5,0.5,1100.0,76.0,3920.0,620.0
Paraguay,2006,5.9,9.4,7.0,0.5,1250.0,93.6,6200.0,800.0
Paraguay,2007,6.0,10.2,4.6,0.5,1425.0,94.5,7200.0,800.0
Paraguay,2008,6.1,10.3,5.5,0.5,1858.0,104.8,4153.0,1067.0
Paraguay,2009,6.2,10.1,5.3,0.5,3109.0,153.9,7100.0,1402.0
Paraguay,2010,6.2,9.3,5.1,0.5,3346.0,224.1,8373.0,1464.0
Paraguay,2011,6.3,18.7,5.7,0.5,3079.5,289.2,4040.0,1560.0
Paraguay,2012,6.4,8.0,5.8,0.5,4120.0,280.1,8202.0,1430.0
Paraguay,2013,6.5,9.3,5.9,0.5,3200.0,435.7,9000.0,840.0
Paraguay,2014,6.6,11.7,5.9,0.5,4985.9,566.2,8600.0,1139.0
Paraguay,2015,6.7,9.8,5.8,0.5,5152.0,602.2,9400.0,1144.0
Paraguay,2016,6.8,11.7,5.5,0.5,5156.0,602.4,10050.0,1020.0
Paraguay,2017,6.9,14.1,5.3,0.5,5344.6,648.6,9950.0,722.4
Paraguay,2018,7.0,12.7,5.3,0.5,4900.0,628.0,8400.0,1359.0
Russia,1990,148.0,0.0,0.0,0.0,2451.2,896.2,717.3,49596.2
Russia,1991,148.4,0.0,0.0,0.0,1969.2,772.7,622.2,38899.2
Russia,1992,148.5,20.2,8.8,2.1,2135.2,753.6,505.4,46166.7
Russia,1993,148.5,18.9,8.6,2.2,2441.1,687.5,496.8,43546.6
Russia,1994,148.4,18.0,10.5,1.9,892.0,523.2,421.5,32128.2
Russia,1995,148.4,15.6,10.9,1.7,1738.4,461.9,290.2,30118.5
Russia,1996,148.2,15.1,11.6,1.4,1081.0,389.0,282.9,34834.2
Russia,1997,147.9,15.3,12.4,1.3,2652.0,328.1,279.5,44235.1
Russia,1998,147.7,14.0,11.3,1.1,799.9,412.2,295.0,26994.7
Russia,1999,147.2,12.0,11.3,0.9,1033.6,443.4,334.4,30997.0
Russia,2000,146.6,10.3,8.8,0.9,1489.4,584.3,341.8,34460.1
Russia,2001,146.0,11.2,13.0,0.8,808.4,495.5,349.6,46996.3
Russia,2002,145.3,12.0,14.2,0.8,1499.4,488.1,422.5,50622.1
Russia,2003,144.6,12.2,14.1,0.8,2030.9,448.1,392.5,34069.8
Russia,2004,143.8,12.1,14.4,0.9,3373.0,469.8,554.2,45433.7
Russia,2005,143.1,12.7,17.0,1.0,3060.2,570.8,686.1,47614.7
Russia,2006,142.5,12.0,18.1,1.0,3510.4,680.6,804.5,44926.9
Russia,2007,142.1,13.3,20.1,1.1,3794.9,704.5,650.6,49372.2
Russia,2008,142.0,14.3,21.4,1.3,6672.1,738.3,747.0,63780.8
Russia,2009,141.9,13.0,21.8,1.2,3953.4,913.0,945.7,61663.3
Russia,2010,142.4,12.6,21.8,1.2,3068.2,1060.7,1225.7,41554.6
Russia,2011,143.0,13.4,22.7,1.2,6937.5,1055.6,1647.5,56293.4
Russia,2012,143.2,13.9,25.8,1.2,8187.0,1051.9,1687.8,37766.8
Russia,2013,143.5,12.2,26.6,1.2,11606.3,934.9,1519.7,52139.7
Russia,2014,143.8,11.9,27.8,1.3,11289.7,1048.6,2371.2,59713.1
Russia,2015,144.1,10.8,29.0,1.3,13137.7,1109.8,2716.0,61811.5
Russia,2016,144.3,10.0,28.8,1.3,15281.6,1080.9,3142.7,73345.7
Russia,2017,144.5,9.8,30.4,1.3,13208.1,986.6,3621.7,86002.5
Russia,2018,144.5,10.0,30.4,1.3,11419.0,1038.2,4026.8,72136.1
Saudi Arabia,1990,16.3,3.0,25.6,5.7,4.0,0.0,0.0,3580.0
Saudi Arabia,1991,16.9,3.5,27.4,5.7,5.0,0.0,0.0,4035.0
Saudi Arabia,1992,17.4,3.5,24.0,5.9,5.0,0.0,0.0,4124.0
Saudi Arabia,1993,17.9,2.0,22.2,7.5,6.0,0.0,0.0,3430.0
Saudi Arabia,1994,18.3,2.1,20.8,6.6,6.0,0.0,0.0,2646.0
Saudi Arabia,1995,18.7,3.6,26.6,7.3,6.0,0.0,0.0,1648.0
Saudi Arabia,1996,19.1,2.5,25.2,7.0,7.0,0.0,0.0,1200.0
Saudi Arabia,1997,19.5,2.3,27.9,6.7,6.0,0.0,0.0,1795.0
Saudi Arabia,1998,19.9,2.9,31.0,6.3,7.0,0.0,0.0,1734.0
Saudi Arabia,1999,20.3,2.1,33.8,6.3,4.0,0.0,0.0,2046.0
Saudi Arabia,2000,20.8,2.9,34.5,6.6,41.0,0.0,0.0,1787.0
Saudi Arabia,2001,21.3,1.7,36.8,5.9,20.0,0.0,0.0,2082.0
Saudi Arabia,2002,21.9,2.7,34.7,5.8,30.0,0.0,0.0,2436.0
Saudi Arabia,2003,22.6,2.7,34.4,5.9,36.0,0.0,0.0,2524.0
Saudi Arabia,2004,23.2,3.3,31.4,5.8,54.0,0.0,0.0,2776.0
Saudi Arabia,2005,23.9,3.0,35.9,6.2,91.0,0.0,0.0,2648.0
Saudi Arabia,2006,24.6,3.8,33.9,5.3,126.0,0.0,0.0,2630.0
Saudi Arabia,2007,25.3,4.0,35.0,5.5,135.0,0.0,0.0,2558.0
Saudi Arabia,2008,25.9,4.0,36.5,4.7,163.0,0.0,0.0,1986.0
Saudi Arabia,2009,26.7,4.0,39.0,4.3,161.4,0.0,0.0,1152.0
Saudi Arabia,2010,27.4,4.4,39.7,5.0,79.0,0.0,0.0,1349.0
Saudi Arabia,2011,28.2,4.2,38.6,5.4,91.7,0.0,0.0,1184.0
Saudi Arabia,2012,29.1,4.5,37.5,5.5,93.4,0.0,0.0,854.2
Saudi Arabia,2013,29.9,4.3,41.6,5.4,95.4,0.0,0.0,660.2
Saudi Arabia,2014,30.8,4.1,41.0,5.7,80.0,0.0,0.0,693.8
Saudi Arabia,2015,31.6,4.4,42.9,5.6,77.0,0.0,0.0,10.0
Saudi Arabia,2016,31.8,4.0,41.5,4.7,94.0,0.0,0.0,10.0
Saudi Arabia,2017,32.6,3.7,34.6,4.7,80.0,0.0,0.0,10.0
Saudi Arabia,2018,33.4,3.7,35.2,4.4,84.0,0.0,0.0,500.0
Thailand,1990,56.6,3.9,8.2,0.0,3722.0,11381.8,0.0,0.0
Thailand,1991,57.2,3.9,10.8,0.0,3793.0,13504.8,435.6,0.0
Thailand,1992,57.8,3.8,12.9,0.0,3672.0,13185.0,480.1,0.0
Thailand,1993,58.3,4.0,13.2,0.0,3231.0,12211.9,520.6,0.0
Thailand,1994,58.9,3.3,12.2,0.0,3893.0,13975.5,524.1,0.0
Thailand,1995,59.5,4.2,12.0,0.0,4147.0,14574.6,453.7,0.0
Thailand,1996,60.1,3.8,12.5,0.0,4533.0,14783.8,359.1,0.7
Thailand,1997,60.8,3.3,12.1,0.0,3832.0,15610.0,337.8,0.8
Thailand,1998,61.6,2.9,12.9,0.0,4617.0,15225.3,321.2,0.8
Thailand,1999,62.3,2.6,11.3,0.0,4286.0,16001.9,319.0,0.8
Thailand,2000,63.0,2.2,10.4,0.0,4462.0,17108.7,279.0,0.8
Thailand,2001,63.5,1.6,10.4,0.0,4466.0,18558.5,261.0,0.8
Thailand,2002,64.1,1.5,9.4,0.0,4230.0,18530.7,236.0,0.8
Thailand,2003,64.6,1.5,9.9,0.0,4178.0,19742.8,223.0,0.8
Thailand,2004,65.0,1.6,8.0,0.0,4216.0,19113.9,215.0,0.8
Thailand,2005,65.4,1.6,10.2,0.0,3943.0,20289.0,220.0,0.8
Thailand,2006,65.8,1.7,9.1,0.0,3716.0,19853.4,212.0,1.0
Thailand,2007,66.2,1.9,10.1,0.0,3890.0,21499.8,184.0,1.0
Thailand,2008,66.5,1.8,8.3,0.0,4249.0,21199.2,187.0,1.0
Thailand,2009,66.9,1.8,8.4,0.0,4616.0,21447.5,176.0,1.0
Thailand,2010,67.2,2.0,8.3,0.0,4861.0,23834.6,152.0,1.0
Thailand,2011,67.5,1.8,8.2,0.0,4984.3,25224.2,96.0,1.0
Thailand,2012,67.8,1.6,9.7,0.0,4947.5,25156.0,64.0,1.0
Thailand,2013,68.1,1.6,12.7,0.0,4876.2,24336.4,53.0,2.0
Thailand,2014,68.4,1.5,13.7,0.0,4729.5,20930.5,52.0,1.0
Thailand,2015,68.7,1.3,10.4,0.0,4611.0,18153.4,58.0,1.0
Thailand,2016,69.0,1.3,8.9,0.0,4615.0,21089.3,55.0,1.0
Thailand,2017,69.2,1.4,7.9,0.0,4821.0,21779.1,38.0,1.3
Thailand,2018,69.4,1.3,8.3,0.0,5035.0,21158.8,43.0,1.3
Turkey,1990,55.1,5.0,6.8,5.9,2100.0,138.0,0.0,20022.0
Turkey,1991,56.1,4.8,6.6,5.8,2180.0,114.0,110.0,20419.0
Turkey,1992,57.0,4.2,7.0,5.7,2225.0,129.0,95.0,19318.0
Turkey,1993,57.9,4.1,7.1,5.6,2500.0,135.0,63.0,21016.0
Turkey,1994,58.8,3.8,7.3,5.0,1850.0,120.0,70.0,17514.0
Turkey,1995,59.8,3.7,7.5,6.1,1900.0,120.0,75.0,18015.0
Turkey,1996,60.7,3.8,6.3,5.4,2000.0,168.0,50.0,18515.0
Turkey,1997,61.6,4.5,6.9,5.5,2080.0,165.0,40.0,18650.0
Turkey,1998,62.5,4.2,7.1,5.3,2300.0,189.0,57.0,21000.0
Turkey,1999,63.4,4.0,8.5,5.2,2297.0,204.0,62.0,18000.0
Turkey,2000,64.3,4.0,9.3,5.2,2300.0,210.0,45.0,21009.0
Turkey,2001,65.2,3.6,8.4,4.8,2200.0,216.0,54.0,19007.0
Turkey,2002,66.0,3.5,9.6,4.5,2100.0,216.0,95.0,19500.0
Turkey,2003,66.8,3.2,11.8,4.2,2800.0,223.2,85.0,19000.0
Turkey,2004,67.6,3.9,11.7,4.2,3000.0,294.0,50.0,21000.0
Turkey,2005,68.4,3.4,12.1,4.1,4200.0,360.0,29.0,21500.0
Turkey,2006,69.3,3.5,11.5,4.0,3811.0,417.6,47.0,20010.0
Turkey,2007,70.2,4.3,13.3,4.1,3535.0,388.8,31.0,17234.0
Turkey,2008,71.1,3.7,13.1,4.0,4274.0,451.8,34.0,17782.0
Turkey,2009,72.0,3.2,14.9,3.7,4250.0,450.0,38.0,20600.0
Turkey,2010,73.1,6.4,16.3,3.3,4310.0,516.0,87.0,19674.0
Turkey,2011,74.2,7.1,16.9,3.5,4200.0,540.0,122.0,21800.0
Turkey,2012,75.2,7.5,17.2,3.8,4600.0,528.0,122.0,20100.0
Turkey,2013,76.1,7.9,16.6,4.1,5900.0,540.0,180.0,22050.0
Turkey,2014,77.2,7.9,17.5,4.3,5950.0,498.0,149.0,19000.0
Turkey,2015,78.2,9.2,18.2,4.6,6400.0,552.0,160.0,22600.0
Turkey,2016,79.3,9.3,17.7,4.5,6400.0,552.0,164.0,20600.0
Turkey,2017,80.3,8.6,19.2,4.4,5900.0,540.0,139.0,21500.0
Turkey,2018,81.4,9.8,18.6,4.3,5700.0,564.0,140.0,20000.0
Ukraine,1990,51.5,0.0,0.0,0.0,200.0,0.0,0.0,0.0
Ukraine,1991,51.5,0.0,0.0,0.0,4747.0,68.0,135.3,27860.5
Ukraine,1992,51.4,20.7,8.5,0.6,2851.0,61.4,120.0,19507.0
Ukraine,1993,51.3,17.5,6.2,0.5,3785.0,45.4,61.0,21831.0
Ukraine,1994,51.1,15.9,4.6,0.7,1539.0,52.7,31.0,13857.0
Ukraine,1995,50.9,13.5,4.1,0.7,3600.0,53.4,22.0,17000.0
Ukraine,1996,50.6,11.0,5.4,0.5,1870.0,55.7,15.0,15000.0
Ukraine,1997,50.2,10.9,4.2,0.4,5340.0,43.4,18.0,19000.0
Ukraine,1998,49.7,9.6,4.4,0.4,2301.0,47.8,36.0,17000.0
Ukraine,1999,49.3,9.2,5.2,0.3,1737.0,42.4,45.0,15000.0
Ukraine,2000,48.8,11.9,4.4,0.3,3800.0,59.8,64.0,11000.0
Ukraine,2001,48.4,8.0,6.1,0.3,3850.0,45.8,74.0,21333.0
Ukraine,2002,48.0,8.2,7.2,0.3,4180.0,50.3,125.0,19756.0
Ukraine,2003,47.6,8.3,8.2,0.3,6880.0,56.0,245.0,3600.0
Ukraine,2004,47.2,8.0,12.8,0.3,8870.0,53.6,264.0,17520.0
Ukraine,2005,46.9,8.2,12.5,0.3,7167.0,61.4,613.0,18699.0
Ukraine,2006,46.6,8.8,14.6,0.3,6425.6,66.4,889.0,13947.3
Ukraine,2007,46.4,8.0,16.2,0.3,7421.1,72.0,722.0,13937.7
Ukraine,2008,46.2,7.6,20.4,0.3,11446.8,67.2,813.0,25885.4
Ukraine,2009,46.0,6.8,20.9,0.3,10486.3,95.3,1043.0,20886.4
Ukraine,2010,45.8,6.4,21.2,0.4,11953.0,98.7,1680.0,16851.3
Ukraine,2011,45.6,6.0,20.0,0.4,22837.9,113.3,2260.0,22323.6
Ukraine,2012,45.5,5.8,22.1,0.4,20961.3,106.6,2410.0,15762.6
Ukraine,2013,45.3,6.3,21.9,0.4,30949.6,96.8,2663.0,22279.3
Ukraine,2014,45.1,6.1,21.2,0.3,28496.8,34.0,3871.0,24114.0
Ukraine,2015,44.9,5.5,21.1,0.3,23327.6,41.7,3931.0,26532.1
Ukraine,2016,44.7,5.3,20.5,0.3,28074.6,43.2,4277.0,26099.0
Ukraine,2017,44.5,5.0,21.1,0.3,24668.8,42.6,3899.0,26159.0
Ukraine,2018,44.2,5.0,21.6,0.3,35801.0,46.2,4461.0,24605.8
United States,1990,249.6,30.7,35.1,0.6,201539.5,4928.1,52415.3,74297.0
United States,1991,253.0,30.5,36.5,0.6,189880.0,5029.1,54064.6,53890.4
United States,1992,256.5,30.4,37.9,0.6,240734.8,5670.0,59603.0,67136.4
United States,1993,259.9,29.7,38.6,0.6,160947.1,4931.2,50893.9,65220.4
United States,1994,263.1,30.8,39.2,0.5,256626.0,6241.4,68448.2,63168.3
United States,1995,266.3,31.0,39.1,0.5,187314.4,5486.9,59167.6,59401.6
United States,1996,269.4,31.0,39.8,0.5,234524.0,5417.4,64774.1,61981.7
United States,1997,272.6,30.3,40.0,0.5,233871.1,5777.3,73178.4,67536.5
United States,1998,275.9,30.7,40.4,0.5,247888.0,5821.5,74599.1,69324.6
United States,1999,279.0,31.0,42.8,0.5,239558.6,6503.4,72250.3,62460.7
United States,2000,282.2,31.1,43.2,0.5,251863.4,6023.6,75061.7,60642.7
United States,2001,285.0,30.4,43.2,0.5,241395.2,6797.0,78681.5,53000.4
United States,2002,287.6,31.0,45.3,0.5,228821.2,6661.3,75007.3,44062.7
United States,2003,290.1,29.8,45.6,0.5,256915.8,6312.1,66788.1,63821.5
United States,2004,292.8,30.3,46.6,0.5,299921.4,7336.9,85022.8,58732.1
United States,2005,295.5,30.0,47.3,0.5,282267.0,7049.6,83362.6,57289.7
United States,2006,298.4,30.2,47.5,0.5,267610.1,6143.5,87009.6,49315.4
United States,2007,301.2,29.9,46.8,0.5,332105.8,6263.5,72857.2,56255.5
United States,2008,304.1,28.7,46.6,0.5,307389.6,6430.8,80749.9,68012.8
United States,2009,306.8,28.0,44.5,0.4,332563.0,6942.3,91418.5,60365.1
United States,2010,309.3,27.3,45.5,0.4,316178.7,7674.7,90602.1,60065.7
United States,2011,311.6,26.3,46.5,0.4,313968.7,5837.3,84206.3,54404.8
United States,2012,313.9,26.1,44.5,0.4,273198.5,6298.2,82791.1,61290.4
United States,2013,316.1,25.6,44.3,0.4,351284.3,5998.3,91391.3,58106.2
United States,2014,318.4,24.6,45.0,0.4,361114.8,7014.9,106877.2,55139.6
United States,2015,320.7,24.6,47.8,0.5,345518.0,6096.2,106850.0,56119.4
United States,2016,323.1,25.3,48.4,0.5,384789.5,7074.8,116919.9,62841.7
United States,2017,325.1,25.9,48.9,0.5,370970.8,5625.8,120049.8,47355.8
United States,2018,327.2,26.1,49.4,0.5,364264.7,7065.4,120512.4,51302.2
Vietnam,1990,68.0,1.7,2.2,0.0,671.0,12823.1,0.0,0.0
Vietnam,1991,69.4,1.7,2.1,0.0,672.0,13087.9,80.0,0.0
Vietnam,1992,70.9,1.7,2.2,0.0,748.0,14400.5,80.0,0.0
Vietnam,1993,72.3,1.6,2.0,0.0,882.0,15232.3,105.7,0.0
Vietnam,1994,73.7,1.7,2.0,0.0,1144.0,15693.2,124.5,0.0
Vietnam,1995,74.9,1.7,2.1,0.0,1177.0,16651.0,125.5,0.0
Vietnam,1996,76.1,1.6,2.3,0.1,1537.0,17606.8,113.8,0.0
Vietnam,1997,77.1,1.5,3.2,0.1,1651.0,18358.5,113.0,0.0
Vietnam,1998,78.1,1.5,3.4,0.1,1612.0,19440.4,146.7,0.0
Vietnam,1999,79.0,1.6,3.6,0.1,1753.0,20939.8,147.2,0.0
Vietnam,2000,79.9,1.6,4.0,0.1,2006.0,21144.5,149.3,0.0
Vietnam,2001,80.7,1.7,4.2,0.1,2162.0,20870.5,176.3,0.0
Vietnam,2002,81.5,1.7,4.6,0.1,2511.0,22390.7,201.4,0.0
Vietnam,2003,82.3,1.7,4.9,0.1,3136.0,22469.7,201.0,0.0
Vietnam,2004,83.1,1.9,4.5,0.1,3430.9,23497.5,201.0,0.0
Vietnam,2005,83.8,2.2,4.2,0.1,3787.1,23291.4,293.0,0.0
Vietnam,2006,84.6,2.5,4.9,0.1,3854.5,23302.2,258.0,0.0
Vietnam,2007,85.4,3.3,6.3,0.1,4303.2,23363.0,275.0,0.0
Vietnam,2008,86.2,4.2,7.9,0.1,4573.1,25174.5,268.0,0.0
Vietnam,2009,87.1,5.0,9.0,0.1,4371.7,25317.5,215.0,0.0
Vietnam,2010,88.0,4.6,10.9,0.1,4606.8,26003.6,299.0,0.0
Vietnam,2011,88.9,6.4,15.5,0.1,4835.7,27559.0,267.0,0.0
Vietnam,2012,89.8,6.5,12.2,0.1,4973.5,28429.6,174.0,0.0
Vietnam,2013,90.8,8.3,12.0,0.1,5190.9,28625.4,168.0,0.0
Vietnam,2014,91.7,10.1,12.9,0.1,5202.5,29233.5,158.0,0.0
Vietnam,2015,92.7,9.8,15.1,0.1,5287.3,29309.2,146.0,0.0
Vietnam,2016,93.6,9.6,13.5,0.1,5247.0,28057.2,148.0,0.0
Vietnam,2017,94.6,10.6,11.9,0.2,5132.0,27796.0,102.0,0.0
Vietnam,2018,95.5,8.9,15.4,0.2,4906.0,28586.5,81.0,0.0
World,1990,5330.9,6.6,6.0,1.3,470109.8,348786.1,88720.7,539753.3
World,1991,5418.8,6.7,6.8,1.6,482792.9,347952.1,111630.3,559941.5
World,1992,5504.4,6.9,7.2,1.6,539402.6,354236.4,120440.5,570783.2
World,1993,5588.1,6.8,7.4,1.6,480060.0,355832.1,119557.8,576845.5
World,1994,5670.3,6.9,7.8,1.6,569054.4,361805.9,135465.0,540506.4
World,1995,5751.5,6.8,8.4,1.6,522073.3,369245.5,124676.0,560722.2
World,1996,5831.6,6.8,8.5,1.5,593031.4,384049.8,132252.9,601243.2
World,1997,5910.6,6.8,8.8,1.6,582684.1,387856.3,155886.1,628476.0
World,1998,5988.8,6.7,9.1,1.6,610563.0,390372.0,159274.0,610675.9
World,1999,6066.9,6.7,9.4,1.6,613733.3,409876.6,157120.6,603436.0
World,2000,6145.0,6.7,9.8,1.6,593310.2,399995.8,174194.0,587242.7
World,2001,6223.4,6.5,10.0,1.6,609191.6,400658.8,183631.5,587692.6
World,2002,6302.1,6.7,10.3,1.6,617556.7,380147.3,196597.9,576058.8
World,2003,6381.4,6.7,10.4,1.6,639789.0,391612.9,184396.6,560028.0
World,2004,6461.4,6.7,10.6,1.7,727885.3,404465.6,215289.6,629734.0
World,2005,6542.2,6.7,10.9,1.7,713271.1,423402.7,219929.2,623483.9
World,2006,6623.8,6.9,11.1,1.7,724559.9,425408.9,237538.8,603842.1
World,2007,6706.4,6.9,11.6,1.7,812071.7,435945.4,221448.6,613568.6
World,2008,6789.8,6.8,12.1,1.7,822733.3,458301.6,220782.9,680844.6
World,2009,6873.7,6.6,12.2,1.7,851363.4,454707.0,261933.7,686905.5
World,2010,6958.2,6.6,12.7,1.7,867055.7,468940.5,268872.5,653064.0
World,2011,7043.0,6.4,13.1,1.7,926072.9,485318.3,250656.1,699081.1
World,2012,7128.2,6.4,13.3,1.6,919288.7,491135.4,271323.4,660614.8
World,2013,7213.4,6.5,13.3,1.7,1054087.0,497212.2,286831.0,715577.1
World,2014,7298.5,6.4,13.5,1.7,1074827.9,497305.0,322434.2,734418.3
World,2015,7383.0,6.3,13.9,1.7,1034828.7,495535.0,318407.2,738374.3
World,2016,7467.0,6.4,14.1,1.7,1155732.4,505543.4,351147.3,758999.2
World,2017,7550.3,6.4,14.1,1.7,1108076.2,509896.4,341571.0,761247.6
World,2018,7632.8,6.4,14.3,1.7,1138337.1,517605.8,359209.9,731220.1
South Africa,1990,37.6,13.4,13.0,3.9,8614.0,2.0,0.0,1709.0
South Africa,1991,38.4,13.5,12.0,3.9,3277.0,2.0,68.0,2142.0
South Africa,1992,39.4,12.8,12.0,4.0,9997.0,2.0,68.6,1324.0
South Africa,1993,40.3,11.5,11.9,3.6,13275.0,2.0,67.7,1984.0
South Africa,1994,41.2,10.0,13.4,4.2,4866.0,2.0,58.5,1840.0
South Africa,1995,42.1,9.8,14.8,3.3,10171.0,2.0,80.0,1977.0
South Africa,1996,42.9,9.4,14.6,3.4,10136.0,2.0,120.0,2712.0
South Africa,1997,43.7,9.0,15.7,3.3,7693.0,2.0,201.0,2429.0
South Africa,1998,44.4,8.8,14.4,3.2,7966.0,2.0,201.0,1892.0
South Africa,1999,45.1,10.4,15.6,3.6,11431.0,2.0,175.0,1725.0
South Africa,2000,45.7,9.5,17.2,3.2,7772.0,2.0,149.0,2428.0
South Africa,2001,46.4,9.1,18.1,2.8,10076.0,2.0,210.0,2504.0
South Africa,2002,45.8,9.1,18.8,2.7,9705.0,2.0,202.0,2438.0
South Africa,2003,46.2,9.4,19.3,2.7,9710.0,2.0,137.0,1547.0
South Africa,2004,46.7,10.0,19.8,3.0,11716.0,2.0,220.0,1680.0
South Africa,2005,47.3,11.0,21.0,3.0,6935.0,2.0,273.0,1905.0
South Africa,2006,47.8,12.0,22.5,3.2,7339.0,2.0,424.0,2105.0
South Africa,2007,48.5,11.9,24.7,3.7,13164.0,2.0,205.0,1905.0
South Africa,2008,49.2,11.1,27.0,3.5,12567.0,2.0,282.0,2172.0
South Africa,2009,49.9,11.1,27.6,3.2,13421.0,2.0,516.0,1967.0
South Africa,2010,50.7,12.1,28.5,3.0,10924.0,2.0,566.0,1436.0
South Africa,2011,51.6,11.7,29.8,2.8,12759.0,2.0,710.0,2013.0
South Africa,2012,52.4,11.6,30.4,2.9,12486.0,2.0,650.0,1879.0
South Africa,2013,53.3,12.4,32.9,3.2,14925.0,2.0,785.0,1879.0
South Africa,2014,54.2,12.6,34.1,3.3,10629.0,2.0,948.0,1759.0
South Africa,2015,55.1,13.1,33.9,3.0,8214.5,2.0,1070.0,1449.0
South Africa,2016,55.9,13.1,34.0,3.0,17551.0,2.0,742.0,1910.0
South Africa,2017,56.8,12.1,33.4,2.7,13104.0,2.0,1316.0,1535.0
South Africa,2018,57.7,11.8,34.8,2.6,11630.2,2.0,1540.0,1868.0
